name,file,containing_class,containing_class_file,target_ids,target_ids_file
com.navercorp.pinpoint.rpc.client.PinpointClientHandshaker.decode,rpc\src\main\java\com\navercorp\pinpoint\rpc\client\PinpointClientHandshaker.java,com.navercorp.pinpoint.rpc.client.PinpointClientHandshaker,rpc\src\main\java\com\navercorp\pinpoint\rpc\client\PinpointClientHandshaker.java,com.navercorp.pinpoint.rpc.packet.ControlHandshakeResponsePacket,rpc\src\main\java\com\navercorp\pinpoint\rpc\packet\ControlHandshakeResponsePacket.java
com.navercorp.pinpoint.rpc.client.PinpointClientHandlerState.isReconnect,rpc\src\main\java\com\navercorp\pinpoint\rpc\client\PinpointClientHandlerState.java,com.navercorp.pinpoint.rpc.client.PinpointClientHandlerState,rpc\src\main\java\com\navercorp\pinpoint\rpc\client\PinpointClientHandlerState.java,com.navercorp.pinpoint.rpc.common.SocketStateCode,rpc\src\main\java\com\navercorp\pinpoint\rpc\common\SocketStateCode.java
com.navercorp.pinpoint.rpc.common.SocketState.checkState,rpc\src\main\java\com\navercorp\pinpoint\rpc\common\SocketState.java,com.navercorp.pinpoint.rpc.common.SocketState,rpc\src\main\java\com\navercorp\pinpoint\rpc\common\SocketState.java,com.navercorp.pinpoint.rpc.common.SocketStateCode,rpc\src\main\java\com\navercorp\pinpoint\rpc\common\SocketStateCode.java
com.navercorp.pinpoint.rpc.server.DefaultPinpointServer.getHandshakeResponseCode,rpc\src\main\java\com\navercorp\pinpoint\rpc\server\DefaultPinpointServer.java,com.navercorp.pinpoint.rpc.server.DefaultPinpointServer,rpc\src\main\java\com\navercorp\pinpoint\rpc\server\DefaultPinpointServer.java,com.navercorp.pinpoint.rpc.packet.HandshakeResponseCode,rpc\src\main\java\com\navercorp\pinpoint\rpc\packet\HandshakeResponseCode.java
com.navercorp.pinpoint.rpc.stream.StreamChannelState.checkState,rpc\src\main\java\com\navercorp\pinpoint\rpc\stream\StreamChannelState.java,com.navercorp.pinpoint.rpc.stream.StreamChannelState,rpc\src\main\java\com\navercorp\pinpoint\rpc\stream\StreamChannelState.java,com.navercorp.pinpoint.rpc.stream.StreamChannelStateCode,rpc\src\main\java\com\navercorp\pinpoint\rpc\stream\StreamChannelStateCode.java
com.navercorp.pinpoint.rpc.stream.StreamChannelState.assertState,rpc\src\main\java\com\navercorp\pinpoint\rpc\stream\StreamChannelState.java,com.navercorp.pinpoint.rpc.stream.StreamChannelState,rpc\src\main\java\com\navercorp\pinpoint\rpc\stream\StreamChannelState.java,com.navercorp.pinpoint.rpc.stream.StreamChannelStateCode,rpc\src\main\java\com\navercorp\pinpoint\rpc\stream\StreamChannelStateCode.java
com.navercorp.pinpoint.rpc.stream.StreamChannelManager.handlePing,rpc\src\main\java\com\navercorp\pinpoint\rpc\stream\StreamChannelManager.java,com.navercorp.pinpoint.rpc.stream.StreamChannelManager,rpc\src\main\java\com\navercorp\pinpoint\rpc\stream\StreamChannelManager.java,com.navercorp.pinpoint.rpc.packet.stream.StreamPingPacket,rpc\src\main\java\com\navercorp\pinpoint\rpc\packet\stream\StreamPingPacket.java
com.navercorp.pinpoint.web.vo.callstacks.RecordFactory.getParentId,web\src\main\java\com\navercorp\pinpoint\web\vo\callstacks\RecordFactory.java,com.navercorp.pinpoint.web.vo.callstacks.RecordFactory,web\src\main\java\com\navercorp\pinpoint\web\vo\callstacks\RecordFactory.java,com.navercorp.pinpoint.web.calltree.span.CallTreeNode,web\src\main\java\com\navercorp\pinpoint\web\calltree\span\CallTreeNode.java
com.navercorp.pinpoint.web.dao.hbase.HbaseHostApplicationMapDao.createKey,web\src\main\java\com\navercorp\pinpoint\web\dao\hbase\HbaseHostApplicationMapDao.java,com.navercorp.pinpoint.web.dao.hbase.HbaseHostApplicationMapDao,web\src\main\java\com\navercorp\pinpoint\web\dao\hbase\HbaseHostApplicationMapDao.java,com.navercorp.pinpoint.web.vo.Application,web\src\main\java\com\navercorp\pinpoint\web\vo\Application.java
com.navercorp.pinpoint.web.dao.hbase.HbaseApplicationTraceIndexDao.makeResponseTimeFilter,web\src\main\java\com\navercorp\pinpoint\web\dao\hbase\HbaseApplicationTraceIndexDao.java,com.navercorp.pinpoint.web.dao.hbase.HbaseApplicationTraceIndexDao,web\src\main\java\com\navercorp\pinpoint\web\dao\hbase\HbaseApplicationTraceIndexDao.java,com.navercorp.pinpoint.web.vo.SelectedScatterArea,web\src\main\java\com\navercorp\pinpoint\web\vo\SelectedScatterArea.java
com.navercorp.pinpoint.web.view.LinkSerializer.writeAgentId,web\src\main\java\com\navercorp\pinpoint\web\view\LinkSerializer.java,com.navercorp.pinpoint.web.view.LinkSerializer,web\src\main\java\com\navercorp\pinpoint\web\view\LinkSerializer.java,com.navercorp.pinpoint.web.applicationmap.nodes.Node,web\src\main\java\com\navercorp\pinpoint\web\applicationmap\nodes\Node.java
com.navercorp.pinpoint.web.view.LinkSerializer.writeWasToWasTargetRpcList,web\src\main\java\com\navercorp\pinpoint\web\view\LinkSerializer.java,com.navercorp.pinpoint.web.view.LinkSerializer,web\src\main\java\com\navercorp\pinpoint\web\view\LinkSerializer.java,com.navercorp.pinpoint.web.applicationmap.link.Link,web\src\main\java\com\navercorp\pinpoint\web\applicationmap\link\Link.java
com.navercorp.pinpoint.web.view.LinkSerializer.writeTimeSeriesHistogram,web\src\main\java\com\navercorp\pinpoint\web\view\LinkSerializer.java,com.navercorp.pinpoint.web.view.LinkSerializer,web\src\main\java\com\navercorp\pinpoint\web\view\LinkSerializer.java,com.navercorp.pinpoint.web.applicationmap.link.Link,web\src\main\java\com\navercorp\pinpoint\web\applicationmap\link\Link.java
com.navercorp.pinpoint.web.view.LinkSerializer.writeAgentHistogram,web\src\main\java\com\navercorp\pinpoint\web\view\LinkSerializer.java,com.navercorp.pinpoint.web.view.LinkSerializer,web\src\main\java\com\navercorp\pinpoint\web\view\LinkSerializer.java,com.navercorp.pinpoint.web.applicationmap.rawdata.AgentHistogramList,web\src\main\java\com\navercorp\pinpoint\web\applicationmap\rawdata\AgentHistogramList.java
com.navercorp.pinpoint.web.view.LinkSerializer.writeSourceAgentTimeSeriesHistogram,web\src\main\java\com\navercorp\pinpoint\web\view\LinkSerializer.java,com.navercorp.pinpoint.web.view.LinkSerializer,web\src\main\java\com\navercorp\pinpoint\web\view\LinkSerializer.java,com.navercorp.pinpoint.web.applicationmap.link.Link,web\src\main\java\com\navercorp\pinpoint\web\applicationmap\link\Link.java
com.navercorp.pinpoint.web.view.LinkSerializer.writeSimpleNode,web\src\main\java\com\navercorp\pinpoint\web\view\LinkSerializer.java,com.navercorp.pinpoint.web.view.LinkSerializer,web\src\main\java\com\navercorp\pinpoint\web\view\LinkSerializer.java,com.navercorp.pinpoint.web.applicationmap.nodes.Node,web\src\main\java\com\navercorp\pinpoint\web\applicationmap\nodes\Node.java
com.navercorp.pinpoint.web.view.ScatterDataSerializer.writeDot,web\src\main\java\com\navercorp\pinpoint\web\view\ScatterDataSerializer.java,com.navercorp.pinpoint.web.view.ScatterDataSerializer,web\src\main\java\com\navercorp\pinpoint\web\view\ScatterDataSerializer.java,com.navercorp.pinpoint.web.scatter.ScatterAgentMetaData,web\src\main\java\com\navercorp\pinpoint\web\scatter\ScatterAgentMetaData.java
com.navercorp.pinpoint.web.view.ScatterDataSerializer.writeDot,web\src\main\java\com\navercorp\pinpoint\web\view\ScatterDataSerializer.java,com.navercorp.pinpoint.web.view.ScatterDataSerializer,web\src\main\java\com\navercorp\pinpoint\web\view\ScatterDataSerializer.java,com.navercorp.pinpoint.web.vo.scatter.Dot,web\src\main\java\com\navercorp\pinpoint\web\vo\scatter\Dot.java
com.navercorp.pinpoint.web.view.StatChartGroupSerializer.writeTimestamp,web\src\main\java\com\navercorp\pinpoint\web\view\StatChartGroupSerializer.java,com.navercorp.pinpoint.web.view.StatChartGroupSerializer,web\src\main\java\com\navercorp\pinpoint\web\view\StatChartGroupSerializer.java,com.navercorp.pinpoint.web.util.TimeWindow,web\src\main\java\com\navercorp\pinpoint\web\util\TimeWindow.java
com.navercorp.pinpoint.web.view.ScatterAgentMetaDataSerializer.writeMetadata,web\src\main\java\com\navercorp\pinpoint\web\view\ScatterAgentMetaDataSerializer.java,com.navercorp.pinpoint.web.view.ScatterAgentMetaDataSerializer,web\src\main\java\com\navercorp\pinpoint\web\view\ScatterAgentMetaDataSerializer.java,com.navercorp.pinpoint.web.vo.scatter.DotAgentInfo,web\src\main\java\com\navercorp\pinpoint\web\vo\scatter\DotAgentInfo.java
com.navercorp.pinpoint.web.alarm.AlarmWriter.isTurnToSendAlarm,web\src\main\java\com\navercorp\pinpoint\web\alarm\AlarmWriter.java,com.navercorp.pinpoint.web.alarm.AlarmWriter,web\src\main\java\com\navercorp\pinpoint\web\alarm\AlarmWriter.java,com.navercorp.pinpoint.web.alarm.vo.CheckerResult,web\src\main\java\com\navercorp\pinpoint\web\alarm\vo\CheckerResult.java
com.navercorp.pinpoint.web.filter.LinkFilter.createAcceptUrlFilter,web\src\main\java\com\navercorp\pinpoint\web\filter\LinkFilter.java,com.navercorp.pinpoint.web.filter.LinkFilter,web\src\main\java\com\navercorp\pinpoint\web\filter\LinkFilter.java,com.navercorp.pinpoint.web.filter.FilterDescriptor,web\src\main\java\com\navercorp\pinpoint\web\filter\FilterDescriptor.java
com.navercorp.pinpoint.web.filter.LinkFilter.createResponseTimeFilter,web\src\main\java\com\navercorp\pinpoint\web\filter\LinkFilter.java,com.navercorp.pinpoint.web.filter.LinkFilter,web\src\main\java\com\navercorp\pinpoint\web\filter\LinkFilter.java,com.navercorp.pinpoint.web.filter.FilterDescriptor,web\src\main\java\com\navercorp\pinpoint\web\filter\FilterDescriptor.java
com.navercorp.pinpoint.web.filter.LinkFilter.getExecutionType,web\src\main\java\com\navercorp\pinpoint\web\filter\LinkFilter.java,com.navercorp.pinpoint.web.filter.LinkFilter,web\src\main\java\com\navercorp\pinpoint\web\filter\LinkFilter.java,com.navercorp.pinpoint.web.filter.FilterDescriptor,web\src\main\java\com\navercorp\pinpoint\web\filter\FilterDescriptor.java
com.navercorp.pinpoint.web.mapper.ResponseTimeMapper.recordColumn,web\src\main\java\com\navercorp\pinpoint\web\mapper\ResponseTimeMapper.java,com.navercorp.pinpoint.web.mapper.ResponseTimeMapper,web\src\main\java\com\navercorp\pinpoint\web\mapper\ResponseTimeMapper.java,com.navercorp.pinpoint.web.vo.ResponseTime,web\src\main\java\com\navercorp\pinpoint\web\vo\ResponseTime.java
com.navercorp.pinpoint.web.scatter.ScatterAgentMetadataRepository.addDotAgentInfo,web\src\main\java\com\navercorp\pinpoint\web\scatter\ScatterAgentMetadataRepository.java,com.navercorp.pinpoint.web.scatter.ScatterAgentMetadataRepository,web\src\main\java\com\navercorp\pinpoint\web\scatter\ScatterAgentMetadataRepository.java,com.navercorp.pinpoint.web.vo.scatter.DotAgentInfo,web\src\main\java\com\navercorp\pinpoint\web\vo\scatter\DotAgentInfo.java
com.navercorp.pinpoint.web.service.map.VirtualLinkHandler.getUnpopulatedEmulatedNodes,web\src\main\java\com\navercorp\pinpoint\web\service\map\VirtualLinkHandler.java,com.navercorp.pinpoint.web.service.map.VirtualLinkHandler,web\src\main\java\com\navercorp\pinpoint\web\service\map\VirtualLinkHandler.java,com.navercorp.pinpoint.web.applicationmap.rawdata.LinkDataMap,web\src\main\java\com\navercorp\pinpoint\web\applicationmap\rawdata\LinkDataMap.java
com.navercorp.pinpoint.web.service.map.VirtualLinkHandler.getLinkKey,web\src\main\java\com\navercorp\pinpoint\web\service\map\VirtualLinkHandler.java,com.navercorp.pinpoint.web.service.map.VirtualLinkHandler,web\src\main\java\com\navercorp\pinpoint\web\service\map\VirtualLinkHandler.java,com.navercorp.pinpoint.web.applicationmap.rawdata.LinkData,web\src\main\java\com\navercorp\pinpoint\web\applicationmap\rawdata\LinkData.java
com.navercorp.pinpoint.web.service.AgentServiceImpl.createCommandTransferObject,web\src\main\java\com\navercorp\pinpoint\web\service\AgentServiceImpl.java,com.navercorp.pinpoint.web.service.AgentServiceImpl,web\src\main\java\com\navercorp\pinpoint\web\service\AgentServiceImpl.java,com.navercorp.pinpoint.web.vo.AgentInfo,web\src\main\java\com\navercorp\pinpoint\web\vo\AgentInfo.java
com.navercorp.pinpoint.web.service.ResponseTimeHistogramServiceImpl.createEmptyLinkHistogramSummary,web\src\main\java\com\navercorp\pinpoint\web\service\ResponseTimeHistogramServiceImpl.java,com.navercorp.pinpoint.web.service.ResponseTimeHistogramServiceImpl,web\src\main\java\com\navercorp\pinpoint\web\service\ResponseTimeHistogramServiceImpl.java,com.navercorp.pinpoint.web.vo.Range,web\src\main\java\com\navercorp\pinpoint\web\vo\Range.java
com.navercorp.pinpoint.web.service.ResponseTimeHistogramServiceImpl.createEmptyLinkHistogramSummary,web\src\main\java\com\navercorp\pinpoint\web\service\ResponseTimeHistogramServiceImpl.java,com.navercorp.pinpoint.web.service.ResponseTimeHistogramServiceImpl,web\src\main\java\com\navercorp\pinpoint\web\service\ResponseTimeHistogramServiceImpl.java,com.navercorp.pinpoint.web.vo.Application,web\src\main\java\com\navercorp\pinpoint\web\vo\Application.java
com.navercorp.pinpoint.web.calltree.span.SpanCallTree.isFoucsNode,web\src\main\java\com\navercorp\pinpoint\web\calltree\span\SpanCallTree.java,com.navercorp.pinpoint.web.calltree.span.SpanCallTree,web\src\main\java\com\navercorp\pinpoint\web\calltree\span\SpanCallTree.java,com.navercorp.pinpoint.web.calltree.span.CallTreeNode,web\src\main\java\com\navercorp\pinpoint\web\calltree\span\CallTreeNode.java
com.navercorp.pinpoint.web.calltree.span.SpanCallTree.findUpperLevel,web\src\main\java\com\navercorp\pinpoint\web\calltree\span\SpanCallTree.java,com.navercorp.pinpoint.web.calltree.span.SpanCallTree,web\src\main\java\com\navercorp\pinpoint\web\calltree\span\SpanCallTree.java,com.navercorp.pinpoint.web.calltree.span.CallTreeNode,web\src\main\java\com\navercorp\pinpoint\web\calltree\span\CallTreeNode.java
com.navercorp.pinpoint.web.calltree.span.SpanCallTree.findLastSibling,web\src\main\java\com\navercorp\pinpoint\web\calltree\span\SpanCallTree.java,com.navercorp.pinpoint.web.calltree.span.SpanCallTree,web\src\main\java\com\navercorp\pinpoint\web\calltree\span\SpanCallTree.java,com.navercorp.pinpoint.web.calltree.span.CallTreeNode,web\src\main\java\com\navercorp\pinpoint\web\calltree\span\CallTreeNode.java
com.navercorp.pinpoint.web.calltree.span.SpanCallTree.splitChildSiblingNodes,web\src\main\java\com\navercorp\pinpoint\web\calltree\span\SpanCallTree.java,com.navercorp.pinpoint.web.calltree.span.SpanCallTree,web\src\main\java\com\navercorp\pinpoint\web\calltree\span\SpanCallTree.java,com.navercorp.pinpoint.web.calltree.span.CallTreeNode,web\src\main\java\com\navercorp\pinpoint\web\calltree\span\CallTreeNode.java
com.navercorp.pinpoint.web.calltree.span.CallTreeIterator.getPrevSibling,web\src\main\java\com\navercorp\pinpoint\web\calltree\span\CallTreeIterator.java,com.navercorp.pinpoint.web.calltree.span.CallTreeIterator,web\src\main\java\com\navercorp\pinpoint\web\calltree\span\CallTreeIterator.java,com.navercorp.pinpoint.web.calltree.span.CallTreeNode,web\src\main\java\com\navercorp\pinpoint\web\calltree\span\CallTreeNode.java
com.navercorp.pinpoint.web.calltree.span.CallTreeIterator.isFirstChild,web\src\main\java\com\navercorp\pinpoint\web\calltree\span\CallTreeIterator.java,com.navercorp.pinpoint.web.calltree.span.CallTreeIterator,web\src\main\java\com\navercorp\pinpoint\web\calltree\span\CallTreeIterator.java,com.navercorp.pinpoint.web.calltree.span.CallTreeNode,web\src\main\java\com\navercorp\pinpoint\web\calltree\span\CallTreeNode.java
com.navercorp.pinpoint.web.calltree.span.CallTreeIterator.getAsyncParent,web\src\main\java\com\navercorp\pinpoint\web\calltree\span\CallTreeIterator.java,com.navercorp.pinpoint.web.calltree.span.CallTreeIterator,web\src\main\java\com\navercorp\pinpoint\web\calltree\span\CallTreeIterator.java,com.navercorp.pinpoint.web.calltree.span.CallTreeNode,web\src\main\java\com\navercorp\pinpoint\web\calltree\span\CallTreeNode.java
com.navercorp.pinpoint.web.calltree.span.CallTreeIterator.getChildrenTotalElapsedTime,web\src\main\java\com\navercorp\pinpoint\web\calltree\span\CallTreeIterator.java,com.navercorp.pinpoint.web.calltree.span.CallTreeIterator,web\src\main\java\com\navercorp\pinpoint\web\calltree\span\CallTreeIterator.java,com.navercorp.pinpoint.web.calltree.span.CallTreeNode,web\src\main\java\com\navercorp\pinpoint\web\calltree\span\CallTreeNode.java
com.navercorp.pinpoint.web.controller.AgentCommandController.createResponseData,web\src\main\java\com\navercorp\pinpoint\web\controller\AgentCommandController.java,com.navercorp.pinpoint.web.controller.AgentCommandController,web\src\main\java\com\navercorp\pinpoint\web\controller\AgentCommandController.java,com.navercorp.pinpoint.web.vo.AgentActiveThreadDumpList,web\src\main\java\com\navercorp\pinpoint\web\vo\AgentActiveThreadDumpList.java
com.navercorp.pinpoint.web.controller.ScatterChartController.createScatterDataV1,web\src\main\java\com\navercorp\pinpoint\web\controller\ScatterChartController.java,com.navercorp.pinpoint.web.controller.ScatterChartController,web\src\main\java\com\navercorp\pinpoint\web\controller\ScatterChartController.java,com.navercorp.pinpoint.web.scatter.ScatterData,web\src\main\java\com\navercorp\pinpoint\web\scatter\ScatterData.java
com.navercorp.pinpoint.web.applicationmap.link.LinkStateResolver.isAlert,web\src\main\java\com\navercorp\pinpoint\web\applicationmap\link\LinkStateResolver.java,com.navercorp.pinpoint.web.applicationmap.link.LinkStateResolver,web\src\main\java\com\navercorp\pinpoint\web\applicationmap\link\LinkStateResolver.java,com.navercorp.pinpoint.web.applicationmap.link.Link,web\src\main\java\com\navercorp\pinpoint\web\applicationmap\link\Link.java
com.navercorp.pinpoint.web.applicationmap.link.LinkStateResolver.getErrorRate,web\src\main\java\com\navercorp\pinpoint\web\applicationmap\link\LinkStateResolver.java,com.navercorp.pinpoint.web.applicationmap.link.LinkStateResolver,web\src\main\java\com\navercorp\pinpoint\web\applicationmap\link\LinkStateResolver.java,com.navercorp.pinpoint.web.applicationmap.histogram.Histogram,web\src\main\java\com\navercorp\pinpoint\web\applicationmap\histogram\Histogram.java
com.navercorp.pinpoint.web.applicationmap.nodes.ServerInstanceList.addServerInstance,web\src\main\java\com\navercorp\pinpoint\web\applicationmap\nodes\ServerInstanceList.java,com.navercorp.pinpoint.web.applicationmap.nodes.ServerInstanceList,web\src\main\java\com\navercorp\pinpoint\web\applicationmap\nodes\ServerInstanceList.java,com.navercorp.pinpoint.web.applicationmap.nodes.ServerInstance,web\src\main\java\com\navercorp\pinpoint\web\applicationmap\nodes\ServerInstance.java
com.navercorp.pinpoint.web.applicationmap.rawdata.LinkDataDuplexMap.addSourceLinkData,web\src\main\java\com\navercorp\pinpoint\web\applicationmap\rawdata\LinkDataDuplexMap.java,com.navercorp.pinpoint.web.applicationmap.rawdata.LinkDataDuplexMap,web\src\main\java\com\navercorp\pinpoint\web\applicationmap\rawdata\LinkDataDuplexMap.java,com.navercorp.pinpoint.web.applicationmap.rawdata.LinkData,web\src\main\java\com\navercorp\pinpoint\web\applicationmap\rawdata\LinkData.java
com.navercorp.pinpoint.web.applicationmap.rawdata.LinkDataDuplexMap.addTargetLinkData,web\src\main\java\com\navercorp\pinpoint\web\applicationmap\rawdata\LinkDataDuplexMap.java,com.navercorp.pinpoint.web.applicationmap.rawdata.LinkDataDuplexMap,web\src\main\java\com\navercorp\pinpoint\web\applicationmap\rawdata\LinkDataDuplexMap.java,com.navercorp.pinpoint.web.applicationmap.rawdata.LinkData,web\src\main\java\com\navercorp\pinpoint\web\applicationmap\rawdata\LinkData.java
com.navercorp.pinpoint.web.applicationmap.rawdata.LinkDataDuplexMap.getSourceLinkData,web\src\main\java\com\navercorp\pinpoint\web\applicationmap\rawdata\LinkDataDuplexMap.java,com.navercorp.pinpoint.web.applicationmap.rawdata.LinkDataDuplexMap,web\src\main\java\com\navercorp\pinpoint\web\applicationmap\rawdata\LinkDataDuplexMap.java,com.navercorp.pinpoint.web.vo.LinkKey,web\src\main\java\com\navercorp\pinpoint\web\vo\LinkKey.java
com.navercorp.pinpoint.web.applicationmap.rawdata.LinkDataDuplexMap.getTargetLinkData,web\src\main\java\com\navercorp\pinpoint\web\applicationmap\rawdata\LinkDataDuplexMap.java,com.navercorp.pinpoint.web.applicationmap.rawdata.LinkDataDuplexMap,web\src\main\java\com\navercorp\pinpoint\web\applicationmap\rawdata\LinkDataDuplexMap.java,com.navercorp.pinpoint.web.vo.LinkKey,web\src\main\java\com\navercorp\pinpoint\web\vo\LinkKey.java
com.navercorp.pinpoint.web.applicationmap.rawdata.AgentHistogramList.addAgentHistogram,web\src\main\java\com\navercorp\pinpoint\web\applicationmap\rawdata\AgentHistogramList.java,com.navercorp.pinpoint.web.applicationmap.rawdata.AgentHistogramList,web\src\main\java\com\navercorp\pinpoint\web\applicationmap\rawdata\AgentHistogramList.java,com.navercorp.pinpoint.web.applicationmap.histogram.TimeHistogram,web\src\main\java\com\navercorp\pinpoint\web\applicationmap\histogram\TimeHistogram.java
com.navercorp.pinpoint.web.applicationmap.histogram.AgentTimeHistogram.createAgentResponseTimeViewModel,web\src\main\java\com\navercorp\pinpoint\web\applicationmap\histogram\AgentTimeHistogram.java,com.navercorp.pinpoint.web.applicationmap.histogram.AgentTimeHistogram,web\src\main\java\com\navercorp\pinpoint\web\applicationmap\histogram\AgentTimeHistogram.java,com.navercorp.pinpoint.web.vo.Application,web\src\main\java\com\navercorp\pinpoint\web\vo\Application.java
com.navercorp.pinpoint.thrift.io.ChunkHeaderBufferedTBaseSerializer.toSpanChunk,thrift\src\main\java\com\navercorp\pinpoint\thrift\io\ChunkHeaderBufferedTBaseSerializer.java,com.navercorp.pinpoint.thrift.io.ChunkHeaderBufferedTBaseSerializer,thrift\src\main\java\com\navercorp\pinpoint\thrift\io\ChunkHeaderBufferedTBaseSerializer.java,com.navercorp.pinpoint.thrift.dto.TSpan,thrift\src\main\java\com\navercorp\pinpoint\thrift\dto\TSpan.java
com.navercorp.pinpoint.thrift.dto.flink.TFAgentStatBatch.addToAgentStats,thrift\src\main\java\com\navercorp\pinpoint\thrift\dto\flink\TFAgentStatBatch.java,com.navercorp.pinpoint.thrift.dto.flink.TFAgentStatBatch,thrift\src\main\java\com\navercorp\pinpoint\thrift\dto\flink\TFAgentStatBatch.java,com.navercorp.pinpoint.thrift.dto.flink.TFAgentStat,thrift\src\main\java\com\navercorp\pinpoint\thrift\dto\flink\TFAgentStat.java
com.navercorp.pinpoint.thrift.dto.flink.TFDataSourceList.addToDataSourceList,thrift\src\main\java\com\navercorp\pinpoint\thrift\dto\flink\TFDataSourceList.java,com.navercorp.pinpoint.thrift.dto.flink.TFDataSourceList,thrift\src\main\java\com\navercorp\pinpoint\thrift\dto\flink\TFDataSourceList.java,com.navercorp.pinpoint.thrift.dto.flink.TFDataSource,thrift\src\main\java\com\navercorp\pinpoint\thrift\dto\flink\TFDataSource.java
com.navercorp.pinpoint.thrift.dto.flink.TFServerMetaData.addToServiceInfos,thrift\src\main\java\com\navercorp\pinpoint\thrift\dto\flink\TFServerMetaData.java,com.navercorp.pinpoint.thrift.dto.flink.TFServerMetaData,thrift\src\main\java\com\navercorp\pinpoint\thrift\dto\flink\TFServerMetaData.java,com.navercorp.pinpoint.thrift.dto.flink.TFServiceInfo,thrift\src\main\java\com\navercorp\pinpoint\thrift\dto\flink\TFServiceInfo.java
com.navercorp.pinpoint.thrift.dto.command.TThreadDump.addToLockedMonitors,thrift\src\main\java\com\navercorp\pinpoint\thrift\dto\command\TThreadDump.java,com.navercorp.pinpoint.thrift.dto.command.TThreadDump,thrift\src\main\java\com\navercorp\pinpoint\thrift\dto\command\TThreadDump.java,com.navercorp.pinpoint.thrift.dto.command.TMonitorInfo,thrift\src\main\java\com\navercorp\pinpoint\thrift\dto\command\TMonitorInfo.java
com.navercorp.pinpoint.thrift.dto.command.TCmdActiveThreadDumpRes.addToThreadDumps,thrift\src\main\java\com\navercorp\pinpoint\thrift\dto\command\TCmdActiveThreadDumpRes.java,com.navercorp.pinpoint.thrift.dto.command.TCmdActiveThreadDumpRes,thrift\src\main\java\com\navercorp\pinpoint\thrift\dto\command\TCmdActiveThreadDumpRes.java,com.navercorp.pinpoint.thrift.dto.command.TActiveThreadDump,thrift\src\main\java\com\navercorp\pinpoint\thrift\dto\command\TActiveThreadDump.java
com.navercorp.pinpoint.thrift.dto.command.TCommandThreadDumpResponse.addToThreadDumps,thrift\src\main\java\com\navercorp\pinpoint\thrift\dto\command\TCommandThreadDumpResponse.java,com.navercorp.pinpoint.thrift.dto.command.TCommandThreadDumpResponse,thrift\src\main\java\com\navercorp\pinpoint\thrift\dto\command\TCommandThreadDumpResponse.java,com.navercorp.pinpoint.thrift.dto.command.TThreadDump,thrift\src\main\java\com\navercorp\pinpoint\thrift\dto\command\TThreadDump.java
com.navercorp.pinpoint.thrift.dto.command.TCmdActiveThreadLightDumpRes.addToThreadDumps,thrift\src\main\java\com\navercorp\pinpoint\thrift\dto\command\TCmdActiveThreadLightDumpRes.java,com.navercorp.pinpoint.thrift.dto.command.TCmdActiveThreadLightDumpRes,thrift\src\main\java\com\navercorp\pinpoint\thrift\dto\command\TCmdActiveThreadLightDumpRes.java,com.navercorp.pinpoint.thrift.dto.command.TActiveThreadLightDump,thrift\src\main\java\com\navercorp\pinpoint\thrift\dto\command\TActiveThreadLightDump.java
com.navercorp.pinpoint.thrift.dto.TSpan.addToAnnotations,thrift\src\main\java\com\navercorp\pinpoint\thrift\dto\TSpan.java,com.navercorp.pinpoint.thrift.dto.TSpan,thrift\src\main\java\com\navercorp\pinpoint\thrift\dto\TSpan.java,com.navercorp.pinpoint.thrift.dto.TAnnotation,thrift\src\main\java\com\navercorp\pinpoint\thrift\dto\TAnnotation.java
com.navercorp.pinpoint.thrift.dto.TSpan.addToSpanEventList,thrift\src\main\java\com\navercorp\pinpoint\thrift\dto\TSpan.java,com.navercorp.pinpoint.thrift.dto.TSpan,thrift\src\main\java\com\navercorp\pinpoint\thrift\dto\TSpan.java,com.navercorp.pinpoint.thrift.dto.TSpanEvent,thrift\src\main\java\com\navercorp\pinpoint\thrift\dto\TSpanEvent.java
com.navercorp.pinpoint.thrift.dto.TDeadlock.addToDeadlockedThreadList,thrift\src\main\java\com\navercorp\pinpoint\thrift\dto\TDeadlock.java,com.navercorp.pinpoint.thrift.dto.TDeadlock,thrift\src\main\java\com\navercorp\pinpoint\thrift\dto\TDeadlock.java,com.navercorp.pinpoint.thrift.dto.command.TThreadDump,thrift\src\main\java\com\navercorp\pinpoint\thrift\dto\command\TThreadDump.java
com.navercorp.pinpoint.thrift.dto.TSpanChunk.addToSpanEventList,thrift\src\main\java\com\navercorp\pinpoint\thrift\dto\TSpanChunk.java,com.navercorp.pinpoint.thrift.dto.TSpanChunk,thrift\src\main\java\com\navercorp\pinpoint\thrift\dto\TSpanChunk.java,com.navercorp.pinpoint.thrift.dto.TSpanEvent,thrift\src\main\java\com\navercorp\pinpoint\thrift\dto\TSpanEvent.java
com.navercorp.pinpoint.thrift.dto.TSpanEvent.addToAnnotations,thrift\src\main\java\com\navercorp\pinpoint\thrift\dto\TSpanEvent.java,com.navercorp.pinpoint.thrift.dto.TSpanEvent,thrift\src\main\java\com\navercorp\pinpoint\thrift\dto\TSpanEvent.java,com.navercorp.pinpoint.thrift.dto.TAnnotation,thrift\src\main\java\com\navercorp\pinpoint\thrift\dto\TAnnotation.java
com.navercorp.pinpoint.thrift.dto.TAgentStatBatch.addToAgentStats,thrift\src\main\java\com\navercorp\pinpoint\thrift\dto\TAgentStatBatch.java,com.navercorp.pinpoint.thrift.dto.TAgentStatBatch,thrift\src\main\java\com\navercorp\pinpoint\thrift\dto\TAgentStatBatch.java,com.navercorp.pinpoint.thrift.dto.TAgentStat,thrift\src\main\java\com\navercorp\pinpoint\thrift\dto\TAgentStat.java
com.navercorp.pinpoint.thrift.dto.TDataSourceList.addToDataSourceList,thrift\src\main\java\com\navercorp\pinpoint\thrift\dto\TDataSourceList.java,com.navercorp.pinpoint.thrift.dto.TDataSourceList,thrift\src\main\java\com\navercorp\pinpoint\thrift\dto\TDataSourceList.java,com.navercorp.pinpoint.thrift.dto.TDataSource,thrift\src\main\java\com\navercorp\pinpoint\thrift\dto\TDataSource.java
com.navercorp.pinpoint.thrift.dto.TServerMetaData.addToServiceInfos,thrift\src\main\java\com\navercorp\pinpoint\thrift\dto\TServerMetaData.java,com.navercorp.pinpoint.thrift.dto.TServerMetaData,thrift\src\main\java\com\navercorp\pinpoint\thrift\dto\TServerMetaData.java,com.navercorp.pinpoint.thrift.dto.TServiceInfo,thrift\src\main\java\com\navercorp\pinpoint\thrift\dto\TServiceInfo.java
com.navercorp.pinpoint.plugin.kafka.KafkaPlugin.enableConsumerTransform,plugins\kafka\src\main\java\com\navercorp\pinpoint\plugin\kafka\KafkaPlugin.java,com.navercorp.pinpoint.plugin.kafka.KafkaPlugin,plugins\kafka\src\main\java\com\navercorp\pinpoint\plugin\kafka\KafkaPlugin.java,com.navercorp.pinpoint.plugin.kafka.KafkaConfig,plugins\kafka\src\main\java\com\navercorp\pinpoint\plugin\kafka\KafkaConfig.java
com.navercorp.pinpoint.plugin.spring.beans.interceptor.TargetBeanFilter.isBasePackage,plugins\spring\src\main\java\com\navercorp\pinpoint\plugin\spring\beans\interceptor\TargetBeanFilter.java,com.navercorp.pinpoint.plugin.spring.beans.interceptor.TargetBeanFilter,plugins\spring\src\main\java\com\navercorp\pinpoint\plugin\spring\beans\interceptor\TargetBeanFilter.java,com.navercorp.pinpoint.plugin.spring.beans.SpringBeansTarget,plugins\spring\src\main\java\com\navercorp\pinpoint\plugin\spring\beans\SpringBeansTarget.java
com.navercorp.pinpoint.plugin.spring.beans.interceptor.TargetBeanFilter.isBeanNameTarget,plugins\spring\src\main\java\com\navercorp\pinpoint\plugin\spring\beans\interceptor\TargetBeanFilter.java,com.navercorp.pinpoint.plugin.spring.beans.interceptor.TargetBeanFilter,plugins\spring\src\main\java\com\navercorp\pinpoint\plugin\spring\beans\interceptor\TargetBeanFilter.java,com.navercorp.pinpoint.plugin.spring.beans.SpringBeansTarget,plugins\spring\src\main\java\com\navercorp\pinpoint\plugin\spring\beans\SpringBeansTarget.java
com.navercorp.pinpoint.plugin.spring.beans.interceptor.TargetBeanFilter.isClassNameTarget,plugins\spring\src\main\java\com\navercorp\pinpoint\plugin\spring\beans\interceptor\TargetBeanFilter.java,com.navercorp.pinpoint.plugin.spring.beans.interceptor.TargetBeanFilter,plugins\spring\src\main\java\com\navercorp\pinpoint\plugin\spring\beans\interceptor\TargetBeanFilter.java,com.navercorp.pinpoint.plugin.spring.beans.SpringBeansTarget,plugins\spring\src\main\java\com\navercorp\pinpoint\plugin\spring\beans\SpringBeansTarget.java
com.navercorp.pinpoint.plugin.spring.beans.interceptor.TargetBeanFilter.isAnnotationTarget,plugins\spring\src\main\java\com\navercorp\pinpoint\plugin\spring\beans\interceptor\TargetBeanFilter.java,com.navercorp.pinpoint.plugin.spring.beans.interceptor.TargetBeanFilter,plugins\spring\src\main\java\com\navercorp\pinpoint\plugin\spring\beans\interceptor\TargetBeanFilter.java,com.navercorp.pinpoint.plugin.spring.beans.SpringBeansTarget,plugins\spring\src\main\java\com\navercorp\pinpoint\plugin\spring\beans\SpringBeansTarget.java
com.navercorp.pinpoint.plugin.spring.beans.interceptor.TargetBeanFilter.isAnnotationTarget,plugins\spring\src\main\java\com\navercorp\pinpoint\plugin\spring\beans\interceptor\TargetBeanFilter.java,com.navercorp.pinpoint.plugin.spring.beans.interceptor.TargetBeanFilter,plugins\spring\src\main\java\com\navercorp\pinpoint\plugin\spring\beans\interceptor\TargetBeanFilter.java,com.navercorp.pinpoint.plugin.spring.beans.SpringBeansTarget,plugins\spring\src\main\java\com\navercorp\pinpoint\plugin\spring\beans\SpringBeansTarget.java
com.navercorp.pinpoint.plugin.thrift.interceptor.tprotocol.server.TProtocolReadFieldBeginInterceptor.handleClientRequest,plugins\thrift\src\main\java\com\navercorp\pinpoint\plugin\thrift\interceptor\tprotocol\server\TProtocolReadFieldBeginInterceptor.java,com.navercorp.pinpoint.plugin.thrift.interceptor.tprotocol.server.TProtocolReadFieldBeginInterceptor,plugins\thrift\src\main\java\com\navercorp\pinpoint\plugin\thrift\interceptor\tprotocol\server\TProtocolReadFieldBeginInterceptor.java,com.navercorp.pinpoint.plugin.thrift.ThriftClientCallContext,plugins\thrift\src\main\java\com\navercorp\pinpoint\plugin\thrift\ThriftClientCallContext.java
com.navercorp.pinpoint.plugin.thrift.interceptor.tprotocol.server.TProtocolReadMessageEndInterceptor.recordParentInfo,plugins\thrift\src\main\java\com\navercorp\pinpoint\plugin\thrift\interceptor\tprotocol\server\TProtocolReadMessageEndInterceptor.java,com.navercorp.pinpoint.plugin.thrift.interceptor.tprotocol.server.TProtocolReadMessageEndInterceptor,plugins\thrift\src\main\java\com\navercorp\pinpoint\plugin\thrift\interceptor\tprotocol\server\TProtocolReadMessageEndInterceptor.java,com.navercorp.pinpoint.plugin.thrift.ThriftRequestProperty,plugins\thrift\src\main\java\com\navercorp\pinpoint\plugin\thrift\ThriftRequestProperty.java
com.navercorp.pinpoint.plugin.jdbc.oracle.parser.Description.compare,plugins\oracle-jdbc\src\main\java\com\navercorp\pinpoint\plugin\jdbc\oracle\parser\Description.java,com.navercorp.pinpoint.plugin.jdbc.oracle.parser.Description,plugins\oracle-jdbc\src\main\java\com\navercorp\pinpoint\plugin\jdbc\oracle\parser\Description.java,com.navercorp.pinpoint.plugin.jdbc.oracle.parser.KeyValue,plugins\oracle-jdbc\src\main\java\com\navercorp\pinpoint\plugin\jdbc\oracle\parser\KeyValue.java
com.navercorp.pinpoint.plugin.jdbc.oracle.OracleJdbcUrlParser.createOracleDatabaseInfo,plugins\oracle-jdbc\src\main\java\com\navercorp\pinpoint\plugin\jdbc\oracle\OracleJdbcUrlParser.java,com.navercorp.pinpoint.plugin.jdbc.oracle.OracleJdbcUrlParser,plugins\oracle-jdbc\src\main\java\com\navercorp\pinpoint\plugin\jdbc\oracle\OracleJdbcUrlParser.java,com.navercorp.pinpoint.plugin.jdbc.oracle.parser.KeyValue,plugins\oracle-jdbc\src\main\java\com\navercorp\pinpoint\plugin\jdbc\oracle\parser\KeyValue.java
com.navercorp.pinpoint.profiler.sender.planer.AbstractSpanStreamSendDataPlaner.needFlush,profiler\src\main\java\com\navercorp\pinpoint\profiler\sender\planer\AbstractSpanStreamSendDataPlaner.java,com.navercorp.pinpoint.profiler.sender.planer.AbstractSpanStreamSendDataPlaner,profiler\src\main\java\com\navercorp\pinpoint\profiler\sender\planer\AbstractSpanStreamSendDataPlaner.java,com.navercorp.pinpoint.profiler.sender.SpanStreamSendData,profiler\src\main\java\com\navercorp\pinpoint\profiler\sender\SpanStreamSendData.java
com.navercorp.pinpoint.profiler.sender.planer.AbstractSpanStreamSendDataPlaner.getByteBuffer,profiler\src\main\java\com\navercorp\pinpoint\profiler\sender\planer\AbstractSpanStreamSendDataPlaner.java,com.navercorp.pinpoint.profiler.sender.planer.AbstractSpanStreamSendDataPlaner,profiler\src\main\java\com\navercorp\pinpoint\profiler\sender\planer\AbstractSpanStreamSendDataPlaner.java,com.navercorp.pinpoint.profiler.sender.PartitionedByteBufferLocator,profiler\src\main\java\com\navercorp\pinpoint\profiler\sender\PartitionedByteBufferLocator.java
com.navercorp.pinpoint.profiler.context.grpc.GrpcSpanMessageConverter.newParentInfo,profiler\src\main\java\com\navercorp\pinpoint\profiler\context\grpc\GrpcSpanMessageConverter.java,com.navercorp.pinpoint.profiler.context.grpc.GrpcSpanMessageConverter,profiler\src\main\java\com\navercorp\pinpoint\profiler\context\grpc\GrpcSpanMessageConverter.java,com.navercorp.pinpoint.profiler.context.Span,profiler\src\main\java\com\navercorp\pinpoint\profiler\context\Span.java
com.navercorp.pinpoint.profiler.context.grpc.GrpcStatMessageConverter.convertCpuLoad,profiler\src\main\java\com\navercorp\pinpoint\profiler\context\grpc\GrpcStatMessageConverter.java,com.navercorp.pinpoint.profiler.context.grpc.GrpcStatMessageConverter,profiler\src\main\java\com\navercorp\pinpoint\profiler\context\grpc\GrpcStatMessageConverter.java,com.navercorp.pinpoint.profiler.monitor.metric.cpu.CpuLoadMetricSnapshot,profiler\src\main\java\com\navercorp\pinpoint\profiler\monitor\metric\cpu\CpuLoadMetricSnapshot.java
com.navercorp.pinpoint.profiler.context.grpc.GrpcStatMessageConverter.convertTransaction,profiler\src\main\java\com\navercorp\pinpoint\profiler\context\grpc\GrpcStatMessageConverter.java,com.navercorp.pinpoint.profiler.context.grpc.GrpcStatMessageConverter,profiler\src\main\java\com\navercorp\pinpoint\profiler\context\grpc\GrpcStatMessageConverter.java,com.navercorp.pinpoint.profiler.monitor.metric.transaction.TransactionMetricSnapshot,profiler\src\main\java\com\navercorp\pinpoint\profiler\monitor\metric\transaction\TransactionMetricSnapshot.java
com.navercorp.pinpoint.profiler.context.grpc.GrpcStatMessageConverter.convertDataSourceList,profiler\src\main\java\com\navercorp\pinpoint\profiler\context\grpc\GrpcStatMessageConverter.java,com.navercorp.pinpoint.profiler.context.grpc.GrpcStatMessageConverter,profiler\src\main\java\com\navercorp\pinpoint\profiler\context\grpc\GrpcStatMessageConverter.java,com.navercorp.pinpoint.profiler.monitor.metric.datasource.DataSourceMetricSnapshot,profiler\src\main\java\com\navercorp\pinpoint\profiler\monitor\metric\datasource\DataSourceMetricSnapshot.java
com.navercorp.pinpoint.profiler.context.grpc.GrpcStatMessageConverter.convertFileDescriptor,profiler\src\main\java\com\navercorp\pinpoint\profiler\context\grpc\GrpcStatMessageConverter.java,com.navercorp.pinpoint.profiler.context.grpc.GrpcStatMessageConverter,profiler\src\main\java\com\navercorp\pinpoint\profiler\context\grpc\GrpcStatMessageConverter.java,com.navercorp.pinpoint.profiler.monitor.metric.filedescriptor.FileDescriptorMetricSnapshot,profiler\src\main\java\com\navercorp\pinpoint\profiler\monitor\metric\filedescriptor\FileDescriptorMetricSnapshot.java
com.navercorp.pinpoint.profiler.context.grpc.GrpcStatMessageConverter.convertDirectBuffer,profiler\src\main\java\com\navercorp\pinpoint\profiler\context\grpc\GrpcStatMessageConverter.java,com.navercorp.pinpoint.profiler.context.grpc.GrpcStatMessageConverter,profiler\src\main\java\com\navercorp\pinpoint\profiler\context\grpc\GrpcStatMessageConverter.java,com.navercorp.pinpoint.profiler.monitor.metric.buffer.BufferMetricSnapshot,profiler\src\main\java\com\navercorp\pinpoint\profiler\monitor\metric\buffer\BufferMetricSnapshot.java
com.navercorp.pinpoint.profiler.context.grpc.GrpcMetadataMessageConverter.convertSqlMetaData,profiler\src\main\java\com\navercorp\pinpoint\profiler\context\grpc\GrpcMetadataMessageConverter.java,com.navercorp.pinpoint.profiler.context.grpc.GrpcMetadataMessageConverter,profiler\src\main\java\com\navercorp\pinpoint\profiler\context\grpc\GrpcMetadataMessageConverter.java,com.navercorp.pinpoint.profiler.metadata.SqlMetaData,profiler\src\main\java\com\navercorp\pinpoint\profiler\metadata\SqlMetaData.java
com.navercorp.pinpoint.profiler.context.grpc.GrpcMetadataMessageConverter.convertApiMetaData,profiler\src\main\java\com\navercorp\pinpoint\profiler\context\grpc\GrpcMetadataMessageConverter.java,com.navercorp.pinpoint.profiler.context.grpc.GrpcMetadataMessageConverter,profiler\src\main\java\com\navercorp\pinpoint\profiler\context\grpc\GrpcMetadataMessageConverter.java,com.navercorp.pinpoint.profiler.metadata.ApiMetaData,profiler\src\main\java\com\navercorp\pinpoint\profiler\metadata\ApiMetaData.java
com.navercorp.pinpoint.profiler.context.grpc.GrpcMetadataMessageConverter.convertStringMetaData,profiler\src\main\java\com\navercorp\pinpoint\profiler\context\grpc\GrpcMetadataMessageConverter.java,com.navercorp.pinpoint.profiler.context.grpc.GrpcMetadataMessageConverter,profiler\src\main\java\com\navercorp\pinpoint\profiler\context\grpc\GrpcMetadataMessageConverter.java,com.navercorp.pinpoint.profiler.metadata.StringMetaData,profiler\src\main\java\com\navercorp\pinpoint\profiler\metadata\StringMetaData.java
com.navercorp.pinpoint.profiler.context.grpc.GrpcJvmGcTypeMessageConverter.convertJvmGcType,profiler\src\main\java\com\navercorp\pinpoint\profiler\context\grpc\GrpcJvmGcTypeMessageConverter.java,com.navercorp.pinpoint.profiler.context.grpc.GrpcJvmGcTypeMessageConverter,profiler\src\main\java\com\navercorp\pinpoint\profiler\context\grpc\GrpcJvmGcTypeMessageConverter.java,com.navercorp.pinpoint.profiler.monitor.metric.gc.JvmGcType,profiler\src\main\java\com\navercorp\pinpoint\profiler\monitor\metric\gc\JvmGcType.java
com.navercorp.pinpoint.profiler.context.thrift.StatThriftMessageConverter.convertCpuLoad,profiler\src\main\java\com\navercorp\pinpoint\profiler\context\thrift\StatThriftMessageConverter.java,com.navercorp.pinpoint.profiler.context.thrift.StatThriftMessageConverter,profiler\src\main\java\com\navercorp\pinpoint\profiler\context\thrift\StatThriftMessageConverter.java,com.navercorp.pinpoint.profiler.monitor.metric.cpu.CpuLoadMetricSnapshot,profiler\src\main\java\com\navercorp\pinpoint\profiler\monitor\metric\cpu\CpuLoadMetricSnapshot.java
com.navercorp.pinpoint.profiler.context.thrift.StatThriftMessageConverter.convertTransaction,profiler\src\main\java\com\navercorp\pinpoint\profiler\context\thrift\StatThriftMessageConverter.java,com.navercorp.pinpoint.profiler.context.thrift.StatThriftMessageConverter,profiler\src\main\java\com\navercorp\pinpoint\profiler\context\thrift\StatThriftMessageConverter.java,com.navercorp.pinpoint.profiler.monitor.metric.transaction.TransactionMetricSnapshot,profiler\src\main\java\com\navercorp\pinpoint\profiler\monitor\metric\transaction\TransactionMetricSnapshot.java
com.navercorp.pinpoint.profiler.context.thrift.StatThriftMessageConverter.convertDataSourceList,profiler\src\main\java\com\navercorp\pinpoint\profiler\context\thrift\StatThriftMessageConverter.java,com.navercorp.pinpoint.profiler.context.thrift.StatThriftMessageConverter,profiler\src\main\java\com\navercorp\pinpoint\profiler\context\thrift\StatThriftMessageConverter.java,com.navercorp.pinpoint.profiler.monitor.metric.datasource.DataSourceMetricSnapshot,profiler\src\main\java\com\navercorp\pinpoint\profiler\monitor\metric\datasource\DataSourceMetricSnapshot.java
com.navercorp.pinpoint.profiler.context.thrift.StatThriftMessageConverter.convertFileDescriptor,profiler\src\main\java\com\navercorp\pinpoint\profiler\context\thrift\StatThriftMessageConverter.java,com.navercorp.pinpoint.profiler.context.thrift.StatThriftMessageConverter,profiler\src\main\java\com\navercorp\pinpoint\profiler\context\thrift\StatThriftMessageConverter.java,com.navercorp.pinpoint.profiler.monitor.metric.filedescriptor.FileDescriptorMetricSnapshot,profiler\src\main\java\com\navercorp\pinpoint\profiler\monitor\metric\filedescriptor\FileDescriptorMetricSnapshot.java
com.navercorp.pinpoint.profiler.context.thrift.StatThriftMessageConverter.convertDirectBuffer,profiler\src\main\java\com\navercorp\pinpoint\profiler\context\thrift\StatThriftMessageConverter.java,com.navercorp.pinpoint.profiler.context.thrift.StatThriftMessageConverter,profiler\src\main\java\com\navercorp\pinpoint\profiler\context\thrift\StatThriftMessageConverter.java,com.navercorp.pinpoint.profiler.monitor.metric.buffer.BufferMetricSnapshot,profiler\src\main\java\com\navercorp\pinpoint\profiler\monitor\metric\buffer\BufferMetricSnapshot.java
com.navercorp.pinpoint.profiler.context.thrift.JvmGcTypeThriftMessageConverter.convertJvmGcType,profiler\src\main\java\com\navercorp\pinpoint\profiler\context\thrift\JvmGcTypeThriftMessageConverter.java,com.navercorp.pinpoint.profiler.context.thrift.JvmGcTypeThriftMessageConverter,profiler\src\main\java\com\navercorp\pinpoint\profiler\context\thrift\JvmGcTypeThriftMessageConverter.java,com.navercorp.pinpoint.profiler.monitor.metric.gc.JvmGcType,profiler\src\main\java\com\navercorp\pinpoint\profiler\monitor\metric\gc\JvmGcType.java
com.navercorp.pinpoint.profiler.context.provider.stat.jvmgc.DetailedMemoryMetricProvider.createMetric,profiler\src\main\java\com\navercorp\pinpoint\profiler\context\provider\stat\jvmgc\DetailedMemoryMetricProvider.java,com.navercorp.pinpoint.profiler.context.provider.stat.jvmgc.DetailedMemoryMetricProvider,profiler\src\main\java\com\navercorp\pinpoint\profiler\context\provider\stat\jvmgc\DetailedMemoryMetricProvider.java,com.navercorp.pinpoint.profiler.monitor.metric.memory.MemoryPoolType,profiler\src\main\java\com\navercorp\pinpoint\profiler\monitor\metric\memory\MemoryPoolType.java
com.navercorp.pinpoint.profiler.context.SpanEvent.addAnnotation,profiler\src\main\java\com\navercorp\pinpoint\profiler\context\SpanEvent.java,com.navercorp.pinpoint.profiler.context.SpanEvent,profiler\src\main\java\com\navercorp\pinpoint\profiler\context\SpanEvent.java,com.navercorp.pinpoint.profiler.context.Annotation,profiler\src\main\java\com\navercorp\pinpoint\profiler\context\Annotation.java
com.navercorp.pinpoint.profiler.context.DefaultTrace.wrappedSpanEventRecorder,profiler\src\main\java\com\navercorp\pinpoint\profiler\context\DefaultTrace.java,com.navercorp.pinpoint.profiler.context.DefaultTrace,profiler\src\main\java\com\navercorp\pinpoint\profiler\context\DefaultTrace.java,com.navercorp.pinpoint.profiler.context.recorder.WrappedSpanEventRecorder,profiler\src\main\java\com\navercorp\pinpoint\profiler\context\recorder\WrappedSpanEventRecorder.java
com.navercorp.pinpoint.profiler.context.DefaultTrace.wrappedSpanEventRecorder,profiler\src\main\java\com\navercorp\pinpoint\profiler\context\DefaultTrace.java,com.navercorp.pinpoint.profiler.context.DefaultTrace,profiler\src\main\java\com\navercorp\pinpoint\profiler\context\DefaultTrace.java,com.navercorp.pinpoint.profiler.context.SpanEvent,profiler\src\main\java\com\navercorp\pinpoint\profiler\context\SpanEvent.java
com.navercorp.pinpoint.profiler.context.AsyncChildTrace.wrappedSpanEventRecorder,profiler\src\main\java\com\navercorp\pinpoint\profiler\context\AsyncChildTrace.java,com.navercorp.pinpoint.profiler.context.AsyncChildTrace,profiler\src\main\java\com\navercorp\pinpoint\profiler\context\AsyncChildTrace.java,com.navercorp.pinpoint.profiler.context.recorder.WrappedSpanEventRecorder,profiler\src\main\java\com\navercorp\pinpoint\profiler\context\recorder\WrappedSpanEventRecorder.java
com.navercorp.pinpoint.profiler.context.AsyncChildTrace.wrappedSpanEventRecorder,profiler\src\main\java\com\navercorp\pinpoint\profiler\context\AsyncChildTrace.java,com.navercorp.pinpoint.profiler.context.AsyncChildTrace,profiler\src\main\java\com\navercorp\pinpoint\profiler\context\AsyncChildTrace.java,com.navercorp.pinpoint.profiler.context.SpanEvent,profiler\src\main\java\com\navercorp\pinpoint\profiler\context\SpanEvent.java
com.navercorp.pinpoint.profiler.instrument.classloading.PlainClassLoaderHandler.parseClass,profiler\src\main\java\com\navercorp\pinpoint\profiler\instrument\classloading\PlainClassLoaderHandler.java,com.navercorp.pinpoint.profiler.instrument.classloading.PlainClassLoaderHandler,profiler\src\main\java\com\navercorp\pinpoint\profiler\instrument\classloading\PlainClassLoaderHandler.java,com.navercorp.pinpoint.profiler.util.FileBinary,profiler\src\main\java\com\navercorp\pinpoint\profiler\util\FileBinary.java
com.navercorp.pinpoint.profiler.instrument.ASMClassNodeAdapter.getSuperMethodExceptions,profiler\src\main\java\com\navercorp\pinpoint\profiler\instrument\ASMClassNodeAdapter.java,com.navercorp.pinpoint.profiler.instrument.ASMClassNodeAdapter,profiler\src\main\java\com\navercorp\pinpoint\profiler\instrument\ASMClassNodeAdapter.java,com.navercorp.pinpoint.profiler.instrument.ASMMethodNodeAdapter,profiler\src\main\java\com\navercorp\pinpoint\profiler\instrument\ASMMethodNodeAdapter.java
com.navercorp.pinpoint.profiler.instrument.ASMMethodNodeAdapter.remapMethodInsnNode,profiler\src\main\java\com\navercorp\pinpoint\profiler\instrument\ASMMethodNodeAdapter.java,com.navercorp.pinpoint.profiler.instrument.ASMMethodNodeAdapter,profiler\src\main\java\com\navercorp\pinpoint\profiler\instrument\ASMMethodNodeAdapter.java,com.navercorp.pinpoint.profiler.instrument.ASMMethodInsnNodeRemapper,profiler\src\main\java\com\navercorp\pinpoint\profiler\instrument\ASMMethodInsnNodeRemapper.java
com.navercorp.pinpoint.collector.cluster.route.StreamRouteHandler.createStreamChannel,collector\src\main\java\com\navercorp\pinpoint\collector\cluster\route\StreamRouteHandler.java,com.navercorp.pinpoint.collector.cluster.route.StreamRouteHandler,collector\src\main\java\com\navercorp\pinpoint\collector\cluster\route\StreamRouteHandler.java,com.navercorp.pinpoint.collector.cluster.ThriftAgentConnection,collector\src\main\java\com\navercorp\pinpoint\collector\cluster\ThriftAgentConnection.java
com.navercorp.pinpoint.common.hbase.parallel.ParallelResultScanner.createScanTasks,commons-hbase\src\main\java\com\navercorp\pinpoint\common\hbase\parallel\ParallelResultScanner.java,com.navercorp.pinpoint.common.hbase.parallel.ParallelResultScanner,commons-hbase\src\main\java\com\navercorp\pinpoint\common\hbase\parallel\ParallelResultScanner.java,com.navercorp.pinpoint.common.hbase.parallel.ScanTaskConfig,commons-hbase\src\main\java\com\navercorp\pinpoint\common\hbase\parallel\ScanTaskConfig.java
com.navercorp.pinpoint.common.hbase.parallel.ParallelResultScanner.checkTask,commons-hbase\src\main\java\com\navercorp\pinpoint\common\hbase\parallel\ParallelResultScanner.java,com.navercorp.pinpoint.common.hbase.parallel.ParallelResultScanner,commons-hbase\src\main\java\com\navercorp\pinpoint\common\hbase\parallel\ParallelResultScanner.java,com.navercorp.pinpoint.common.hbase.parallel.ScanTask,commons-hbase\src\main\java\com\navercorp\pinpoint\common\hbase\parallel\ScanTask.java
com.navercorp.pinpoint.bootstrap.plugin.proxy.ProxyHttpHeaderParser.parseFormat,bootstrap-core\src\main\java\com\navercorp\pinpoint\bootstrap\plugin\proxy\ProxyHttpHeaderParser.java,com.navercorp.pinpoint.bootstrap.plugin.proxy.ProxyHttpHeaderParser,bootstrap-core\src\main\java\com\navercorp\pinpoint\bootstrap\plugin\proxy\ProxyHttpHeaderParser.java,com.navercorp.pinpoint.bootstrap.plugin.proxy.ProxyHttpHeader,bootstrap-core\src\main\java\com\navercorp\pinpoint\bootstrap\plugin\proxy\ProxyHttpHeader.java
com.navercorp.pinpoint.common.server.bo.SpanBo.addSpanEvent,commons-server\src\main\java\com\navercorp\pinpoint\common\server\bo\SpanBo.java,com.navercorp.pinpoint.common.server.bo.SpanBo,commons-server\src\main\java\com\navercorp\pinpoint\common\server\bo\SpanBo.java,com.navercorp.pinpoint.common.server.bo.SpanEventBo,commons-server\src\main\java\com\navercorp\pinpoint\common\server\bo\SpanEventBo.java
com.navercorp.pinpoint.common.server.util.AgentEventMessageSerializerV1.putMonitorInfoBo,commons-server\src\main\java\com\navercorp\pinpoint\common\server\util\AgentEventMessageSerializerV1.java,com.navercorp.pinpoint.common.server.util.AgentEventMessageSerializerV1,commons-server\src\main\java\com\navercorp\pinpoint\common\server\util\AgentEventMessageSerializerV1.java,com.navercorp.pinpoint.common.server.bo.event.MonitorInfoBo,commons-server\src\main\java\com\navercorp\pinpoint\common\server\bo\event\MonitorInfoBo.java
